2229.jpg	0
1835.jpg	0
3659.jpg	0
5110.jpg	0
5444.jpg	0
1029.jpg	0
239.jpg	0
1120.jpg	0
2231.jpg	1
5553.jpg	0
2722.jpg	0
6426.jpg	0
4936.jpg	0
5729.jpg	0
327.jpg	1
5939.jpg	0
2245.jpg	0
3669.jpg	0
748.jpg	0
1826.jpg	0
931.jpg	0
3217.jpg	0
5316.jpg	0
5987.jpg	0
1237.png	0
5408.jpg	0
2907.jpg	0
4440.jpg	0
1942.jpg	1
3321.jpg	0
799.jpg	0
1510.jpg	1
4568.jpg	0
4312.jpg	0
2828.jpg	0
1712.jpg	0
452.jpg	0
4056.jpg	0
3196.jpg	0
52.jpg	0
1132.jpg	0
2819.jpg	0
787.jpg	0
4431.jpg	0
2361.jpg	1
2192.jpg	0
1175.jpg	0
4565.jpg	0
4851.jpg	0
4892.jpg	0
4121.jpg	0
3370.jpg	0
5529.jpg	0
4775.jpg	0
164.jpg	0
3706.jpg	0
5365.jpg	0
429.jpg	0
5930.jpg	0
4703.jpg	0
4325.jpg	1
183.jpg	0
5583.jpg	0
5951.jpg	0
5393.jpg	0
1299.jpg	1
3345.jpg	0
5090.jpg	0
3121.jpg	0
1282.jpg	0
2316.jpg	0
2070.jpg	0
2668.jpg	0
2584.jpg	0
2370.jpg	0
5412.jpg	0
1342.jpg	0
2264.jpg	0
3845.jpg	0
309.jpg	1
3645.jpg	0
4901.jpg	0
781.png	0
2602.jpg	0
1056.jpg	0
2572.jpg	0
1396.jpg	0
5170.jpg	0
5493.jpg	0
4566.jpg	0
912.jpg	0
5816.jpg	0
3103.jpg	0
771.jpg	1
4112.jpg	0
5825.jpg	0
1680.jpg	0
5746.jpg	0
2596.jpg	0
1722.jpg	0
2829.jpg	0
2813.jpg	1
1947.jpg	0
4344.jpg	0
2620.jpg	0
41.jpg	1
4144.jpg	0
229.jpg	1
1210.jpg	0
4760.jpg	0
5514.jpg	0
966.jpg	0
3963.jpg	0
64.jpg	0
2084.jpg	0
3267.jpg	0
4669.jpg	0
4385.jpg	0
2758.jpg	0
4861.jpg	0
3472.jpg	0
2996.jpg	0
5639.jpg	0
1312.jpg	0
1759.jpg	0
2544.jpg	0
4623.jpg	0
507.jpg	0
4363.jpg	0
1696.jpg	0
1974.jpg	0
2184.jpg	0
3273.jpg	0
4815.jpg	0
2627.jpg	0
4601.jpg	0
6282.jpg	0
6392.jpg	0
1702.jpg	0
955.jpg	0
4319.jpg	0
1192.jpg	0
3319.jpg	0
3407.jpg	0
4000.jpg	0
2340.jpg	0
880.jpg	0
4712.jpg	0
4994.jpg	0
3487.jpg	0
2562.jpg	0
935.jpg	0
4776.jpg	0
4210.jpg	0
4105.jpg	0
6431.jpg	0
5964.jpg	0
5644.jpg	0
1796.jpg	0
5703.jpg	0
5590.jpg	0
6120.jpg	0
2689.jpg	0
2871.jpg	0
4396.jpg	0
1902.jpg	0
5586.jpg	0
2499.jpg	0
1557.jpg	0
6286.jpg	0
4094.jpg	0
198.jpg	1
5081.jpg	0
4267.jpg	0
1669.jpg	0
261.jpg	0
2656.jpg	0
5767.jpg	0
1533.jpg	0
1248.jpg	0
2852.jpg	0
5054.jpg	0
5797.jpg	0
5203.jpg	0
848.jpg	0
3530.jpg	0
3939.jpg	0
6351.jpg	0
2891.jpg	1
690.jpg	0
3640.jpg	0
2324.jpg	0
5627.jpg	0
3032.jpg	0
1926.jpg	0
1730.jpg	0
5689.jpg	0
5114.jpg	0
981.jpg	0
139.jpg	0
3387.jpg	0
6210.jpg	0
3995.jpg	0
2251.jpg	0
3342.jpg	0
3380.jpg	0
5741.jpg	0
4346.jpg	0
5997.jpg	0
877.jpg	0
3927.jpg	0
1609.jpg	0
4635.jpg	0
129.jpg	0
6135.jpg	0
4186.jpg	0
5887.jpg	0
4627.jpg	0
5747.jpg	0
2603.jpg	0
3731.jpg	0
4095.jpg	0
4514.jpg	0
3391.jpg	0
214.jpg	0
1657.jpg	0
6495.jpg	0
3363.jpg	0
4181.jpg	0
2488.jpg	1
3474.jpg	0
6039.jpg	0
232.jpg	0
2575.jpg	0
6458.jpg	0
2795.jpg	0
629.jpg	0
4077.jpg	0
3631.jpg	0
1504.jpg	0
3577.jpg	0
1354.jpg	0
1936.jpg	0
3742.jpg	0
1253.jpg	0
4910.jpg	0
5085.jpg	0
1030.jpg	0
3664.jpg	0
1134.jpg	0
3614.jpg	0
1755.jpg	1
2243.jpg	0
4843.jpg	0
3711.jpg	0
4685.jpg	0
6153.jpg	0
783.jpg	0
1549.jpg	1
5045.jpg	0
4964.jpg	0
59.jpg	0
1446.jpg	0
5120.jpg	0
4947.jpg	0
1108.jpg	0
5025.jpg	0
1889.jpg	0
2950.jpg	0
434.jpg	0
3174.jpg	0
2402.jpg	0
93.jpg	1
2127.jpg	0
2442.jpg	0
1919.jpg	0
3744.jpg	0
6304.jpg	0
708.jpg	1
2854.jpg	0
5097.jpg	0
2126.jpg	0
391.png	0
78.jpg	1
6067.jpg	0
6062.jpg	0
5116.jpg	0
6487.jpg	0
6160.jpg	0
3903.jpg	0
4414.jpg	0
1014.jpg	0
2464.jpg	0
1033.jpg	0
1274.jpg	0
3734.jpg	0
4837.jpg	0
2797.jpg	0
1729.jpg	0
660.jpg	0
678.jpg	0
883.jpg	0
4124.jpg	0
2590.jpg	0
2007.jpg	0
1034.jpg	0
3808.jpg	0
5132.jpg	0
2863.jpg	0
1914.jpg	1
2732.jpg	0
3328.jpg	0
5044.jpg	0
6303.jpg	0
1333.jpg	0
4462.jpg	0
4472.jpg	1
747.jpg	0
5962.jpg	0
5506.jpg	0
3052.jpg	0
5875.jpg	0
2841.jpg	0
3418.jpg	0
6271.jpg	0
2540.jpg	0
3749.jpg	0
6053.jpg	0
6057.jpg	0
267.jpg	1
4918.jpg	0
6085.jpg	0
409.jpg	0
3490.jpg	0
4692.jpg	0
289.jpg	0
3834.jpg	0
6454.jpg	0
5524.jpg	0
3997.jpg	0
3629.jpg	0
4442.jpg	0
3544.jpg	0
5021.jpg	0
946.jpg	0
2936.jpg	0
4583.jpg	0
3412.jpg	0
6145.jpg	0
6496.jpg	0
6107.jpg	0
4711.jpg	0
5718.jpg	0
454.jpg	1
472.jpg	0
5267.jpg	0
614.jpg	0
4281.jpg	0
4801.jpg	0
677.jpg	0
3569.jpg	0
5397.jpg	0
3087.jpg	1
798.jpg	0
3085.jpg	0
6523.jpg	0
1177.jpg	0
345.jpg	0
6307.jpg	0
2094.jpg	0
2503.jpg	0
3277.jpg	0
3730.jpg	0
3767.jpg	0
4362.jpg	0
1841.jpg	0
1525.jpg	0
3956.jpg	0
3327.jpg	0
4881.jpg	0
1582.jpg	0
6516.jpg	0
2106.jpg	0
6406.jpg	0
160.jpg	0
5258.jpg	0
3159.jpg	0
4339.jpg	0
1911.jpg	0
3830.jpg	0
1206.jpg	0
1757.jpg	1
5510.jpg	0
4330.jpg	0
2117.jpg	0
1482.jpg	0
6055.jpg	0
2244.jpg	0
5082.jpg	0
35.jpg	0
5285.jpg	0
5050.jpg	0
205.jpg	1
2746.jpg	0
5830.jpg	0
3360.jpg	0
6401.jpg	0
3258.jpg	0
1678.jpg	0
5198.jpg	0
1055.jpg	0
1837.jpg	0
578.jpg	0
2646.jpg	0
287.jpg	0
3385.jpg	0
784.jpg	0
5473.jpg	0
3395.jpg	0
6261.jpg	0
4170.jpg	0
4800.jpg	0
6218.jpg	0
4071.jpg	0
5727.jpg	0
5241.jpg	0
542.jpg	0
4749.jpg	0
5802.jpg	0
4212.jpg	0
5185.jpg	0
413.jpg	0
5064.jpg	0
6441.jpg	0
5702.jpg	0
288.jpg	1
4166.jpg	0
5000.jpg	0
5813.jpg	0
2580.jpg	0
5396.jpg	0
4307.jpg	0
3652.jpg	0
4359.jpg	0
583.png	0
3885.jpg	0
3279.jpg	0
5073.jpg	0
5570.jpg	0
641.jpg	0
871.jpg	0
580.jpg	1
6100.jpg	0
508.jpg	1
6148.jpg	0
4208.jpg	0
6131.jpg	0
6395.jpg	0
2587.jpg	0
2947.jpg	0
3128.jpg	0
3585.jpg	0
4571.jpg	0
4499.jpg	0
4190.jpg	0
3278.jpg	0
470.jpg	0
4528.jpg	0
854.jpg	0
717.jpg	0
5546.jpg	0
3446.jpg	0
5147.jpg	0
4022.jpg	0
5545.jpg	0
6291.jpg	0
1687.jpg	0
2804.jpg	0
6007.jpg	0
2183.jpg	0
5812.jpg	0
4016.jpg	0
4938.jpg	0
2901.jpg	0
4794.jpg	0
3440.jpg	0
6345.jpg	0
4463.jpg	0
6209.jpg	0
861.jpg	0
3015.jpg	0
428.jpg	1
135.jpg	1
5251.jpg	0
4817.jpg	0
2177.jpg	0
1107.jpg	0
6070.jpg	0
6111.jpg	0
1952.jpg	0
6105.jpg	0
1155.jpg	0
2534.jpg	0
2657.jpg	0
6231.jpg	0
2527.jpg	0
3531.jpg	0
2989.jpg	0
2028.jpg	0
5786.jpg	0
6223.jpg	0
3608.jpg	0
4171.jpg	0
2359.jpg	0
3256.jpg	0
2022.jpg	0
6274.jpg	0
4347.jpg	0
4812.jpg	0
1474.jpg	0
5669.jpg	0
517.jpg	0
5222.jpg	0
1216.jpg	0
886.jpg	0
258.jpg	1
5134.jpg	0
3349.jpg	0
2074.jpg	0
1752.jpg	0
244.jpg	0
5686.jpg	0
4704.jpg	0
2853.jpg	0
6237.jpg	0
2998.jpg	0
676.jpg	0
6114.jpg	0
760.jpg	0
4508.jpg	0
1600.jpg	0
3870.jpg	0
321.jpg	0
4748.jpg	0
143.jpg	0
2093.jpg	0
5196.jpg	0
1818.jpg	0
1202.jpg	1
4168.jpg	0
5260.jpg	0
2443.jpg	0
1864.jpg	0
4846.jpg	0
3764.jpg	0
5354.jpg	0
2247.jpg	0
4625.jpg	0
3170.jpg	0
274.jpg	0
4245.jpg	0
3812.jpg	0
142.jpg	1
1575.jpg	1
4397.jpg	0
6168.jpg	0
4744.jpg	0
1625.jpg	1
2240.jpg	0
4556.jpg	0
3271.jpg	0
1205.jpg	0
3003.jpg	0
1800.jpg	0
6512.jpg	0
371.jpg	0
96.jpg	1
4755.jpg	0
1500.jpg	0
1113.jpg	0
6279.jpg	0
3420.jpg	0
4502.jpg	0
5772.jpg	0
2348.jpg	0
4778.jpg	0
1591.jpg	0
6522.jpg	0
3366.jpg	0
3176.jpg	0
5484.jpg	0
825.jpg	0
82.jpg	1
934.jpg	0
6330.jpg	0
221.jpg	1
4808.jpg	0
6028.jpg	0
5335.jpg	0
6425.jpg	0
6491.jpg	0
3883.jpg	0
3551.jpg	0
5750.jpg	0
4009.jpg	0
1801.jpg	0
3219.jpg	0
1593.jpg	0
3724.jpg	0
4324.jpg	0
2209.jpg	0
2373.jpg	1
5384.jpg	0
4419.jpg	0
6006.jpg	0
3107.jpg	0
1394.jpg	0
3041.jpg	0
6149.jpg	0
1716.jpg	0
2346.jpg	0
6251.jpg	0
1777.jpg	0
4544.jpg	0
4629.jpg	0
1040.jpg	0
1465.jpg	0
3693.jpg	0
6106.jpg	0
4946.jpg	0
4141.jpg	0
1946.jpg	0
672.jpg	0
3952.jpg	0
200.jpg	0
1991.jpg	0
2518.jpg	0
4409.jpg	0
4305.jpg	0
1698.jpg	0
706.jpg	0
2066.jpg	0
1970.jpg	0
2176.jpg	0
2578.jpg	0
1906.jpg	0
2569.jpg	0
4475.png	0
6211.jpg	0
5776.jpg	0
2669.jpg	0
3944.jpg	0
3650.jpg	0
1811.jpg	0
3479.jpg	0
5437.jpg	0
5805.jpg	0
1995.jpg	0
1288.jpg	0
663.jpg	0
6136.jpg	0
6212.jpg	0
2284.jpg	0
4725.jpg	0
1788.jpg	0
2461.jpg	0
2328.jpg	0
1361.jpg	0
4014.jpg	0
5699.jpg	0
2972.jpg	0
2698.jpg	0
5885.jpg	0
6128.jpg	0
6156.jpg	0
2067.jpg	0
4197.jpg	0
3057.jpg	0
2233.jpg	0
5713.jpg	0
5527.jpg	0
4561.jpg	0
5569.jpg	0
468.jpg	0
3538.jpg	0
5425.jpg	0
30.jpg	1
1434.jpg	0
1185.jpg	0
5897.jpg	0
533.jpg	0
2875.jpg	0
6427.jpg	0
646.jpg	0
2360.jpg	0
111.jpg	0
3122.jpg	0
165.jpg	1
5244.jpg	0
3660.jpg	0
4622.jpg	0
723.jpg	0
1953.jpg	0
5599.jpg	0
5372.jpg	0
2815.jpg	0
2592.jpg	0
4786.jpg	0
4125.jpg	0
4434.jpg	0
4457.jpg	0
575.jpg	0
1945.jpg	0
1561.jpg	0
3644.jpg	0
5748.jpg	0
3329.jpg	0
1307.jpg	0
65.jpg	1
3427.jpg	0
2290.jpg	0
1601.jpg	0
1180.jpg	0
1535.jpg	0
2381.jpg	0
4716.jpg	0
2476.jpg	0
1147.jpg	0
5052.jpg	0
2543.jpg	0
2101.jpg	0
4619.jpg	0
2966.jpg	0
3478.jpg	0
2164.jpg	0
1016.jpg	0
2163.jpg	0
6240.jpg	0
5580.jpg	0
3314.jpg	0
3259.jpg	0
2063.jpg	0
582.jpg	1
4006.jpg	0
4453.jpg	0
2808.jpg	0
486.jpg	0
6004.jpg	0
2599.jpg	0
4941.jpg	0
718.jpg	1
5528.jpg	0
469.jpg	0
4759.jpg	0
1670.jpg	0
497.jpg	0
2692.jpg	0
375.jpg	0
3653.jpg	0
4952.jpg	0
3211.jpg	0
4371.jpg	0
769.jpg	0
6139.jpg	0
3761.jpg	0
4002.jpg	0
4380.jpg	0
2867.jpg	0
3919.jpg	0
552.jpg	0
6024.jpg	0
3058.jpg	0
1353.jpg	0
716.jpg	0
3745.jpg	0
6146.jpg	0
3483.jpg	0
1853.jpg	0
1671.jpg	0
1006.jpg	0
4294.jpg	0
6037.jpg	0
6005.jpg	0
3752.jpg	0
6365.jpg	0
5188.jpg	0
6021.jpg	0
5183.jpg	0
1374.jpg	0
6378.jpg	0
6198.jpg	0
2463.jpg	0
55.png	1
3924.jpg	0
2005.jpg	0
1973.jpg	0
3582.jpg	0
1537.jpg	1
1791.jpg	0
4338.jpg	0
2173.jpg	0
2299.jpg	0
846.jpg	0
3637.jpg	0
4085.jpg	0
967.jpg	0
1861.png	0
1467.jpg	0
4012.png	0
2114.jpg	0
2886.jpg	0
1875.jpg	0
988.jpg	0
2895.jpg	0
5454.jpg	0
6407.jpg	0
3139.jpg	0
1860.jpg	0
4348.jpg	0
685.png	1
1336.jpg	0
1881.jpg	0
4176.jpg	0
1854.jpg	0
4728.jpg	0
1966.jpg	0
1244.jpg	0
947.jpg	0
762.jpg	0
5792.jpg	0
2601.jpg	0
2372.jpg	0
6337.jpg	0
6388.jpg	0
3887.jpg	0
4574.jpg	0
3346.jpg	0
374.jpg	0
4492.jpg	0
3762.jpg	0
1708.jpg	0
3482.jpg	0
3799.jpg	0
838.jpg	0
1227.jpg	0
3199.jpg	0
4297.jpg	0
928.jpg	0
1477.jpg	0
3493.jpg	0
5282.jpg	0
54.jpg	1
2652.jpg	0
2424.jpg	0
4214.jpg	0
4367.jpg	0
1664.jpg	0
2138.jpg	0
2142.jpg	0
782.jpg	1
3237.jpg	0
16.jpg	1
4470.jpg	0
3678.jpg	0
4282.jpg	0
1921.jpg	0
1417.jpg	0
3781.jpg	0
3100.jpg	0
5753.jpg	0
3590.jpg	0
5331.jpg	0
3727.jpg	0
4165.jpg	0
4269.jpg	0
867.jpg	0
6439.jpg	0
3960.jpg	0
1957.jpg	0
5364.jpg	0
3513.jpg	0
936.jpg	0
852.jpg	0
3756.jpg	0
3554.jpg	0
281.jpg	0
193.jpg	0
2969.jpg	0
3192.jpg	0
3282.jpg	0
6422.jpg	0
217.jpg	1
3501.jpg	0
2769.jpg	0
5645.jpg	0
4771.jpg	0
67.jpg	1
2420.jpg	0
3104.jpg	0
4741.jpg	0
586.jpg	0
3911.jpg	0
2460.jpg	0
2206.jpg	0
2140.jpg	0
1714.jpg	0
1160.jpg	0
4392.jpg	0
5215.jpg	0
5293.jpg	0
3417.jpg	0
6152.jpg	0
1737.jpg	0
6217.jpg	0
5819.jpg	0
5560.jpg	0
177.jpg	0
3457.jpg	0
6214.jpg	0
1281.jpg	0
4710.jpg	0
2337.jpg	0
433.jpg	0
3301.jpg	0
616.jpg	0
5626.jpg	0
3441.jpg	0
5781.jpg	0
5558.jpg	0
4227.jpg	0
6097.jpg	0
2650.jpg	0
5079.jpg	0
4216.jpg	0
1059.jpg	0
5559.jpg	0
4798.jpg	0
1869.jpg	0
3820.jpg	0
3587.jpg	0
3026.jpg	0
3468.jpg	0
2703.jpg	0
3974.jpg	0
1604.jpg	0
1816.jpg	0
5176.jpg	0
2516.jpg	0
2728.jpg	0
4100.jpg	0
624.jpg	0
777.jpg	0
3882.jpg	0
688.jpg	0
3175.jpg	0
1039.jpg	0
2253.jpg	0
5346.jpg	0
3828.jpg	0
1972.jpg	0
1891.jpg	0
212.jpg	1
5851.jpg	0
4694.jpg	0
1619.jpg	0
2181.jpg	0
1172.jpg	0
4524.jpg	0
744.jpg	1
621.jpg	0
4410.jpg	0
461.jpg	0
3008.jpg	0
2326.jpg	0
1524.jpg	1
5211.jpg	0
1480.jpg	0
1028.jpg	0
130.jpg	1
1239.jpg	0
5194.jpg	0
1615.jpg	0
161.jpg	0
6020.jpg	0
3507.jpg	0
4816.jpg	0
2440.jpg	0
147.jpg	1
5823.jpg	0
1566.jpg	0
3559.jpg	0
3623.jpg	0
5286.jpg	0
3651.jpg	0
2342.jpg	0
5919.jpg	0
3460.jpg	0
5957.jpg	0
127.jpg	0
2598.jpg	1
2685.jpg	0
814.jpg	0
759.jpg	0
876.jpg	0
1414.jpg	0
4739.jpg	0
83.jpg	0
1762.jpg	0
5566.jpg	0
2393.jpg	0
1658.jpg	0
4461.jpg	0
1550.jpg	0
133.jpg	0
4997.jpg	0
2745.png	0
5014.jpg	0
5298.jpg	0
3356.jpg	0
3158.jpg	0
4573.jpg	0
938.jpg	0
559.jpg	0
1941.jpg	1
3747.jpg	0
4198.jpg	0
2314.jpg	0
2137.jpg	0
5057.jpg	0
4987.jpg	0
2281.jpg	0
3093.jpg	0
3550.jpg	0
6461.jpg	0
986.jpg	1
1547.jpg	1
1728.jpg	0
5678.jpg	0
628.jpg	0
302.jpg	0
5708.jpg	0
2263.jpg	0
5551.jpg	0
4624.jpg	0
548.jpg	1
1402.jpg	0
5146.jpg	0
4594.jpg	0
1967.jpg	1
1595.jpg	0
1048.jpg	0
2643.jpg	0
3905.jpg	0
1148.jpg	0
893.jpg	0
5191.jpg	0
124.jpg	0
2234.jpg	0
6054.jpg	0
436.jpg	0
5979.jpg	0
853.jpg	0
1.jpg	1
1162.jpg	0
1198.jpg	0
612.jpg	0
6509.jpg	0
418.jpg	0
2721.jpg	0
5455.jpg	0
5839.jpg	0
5441.jpg	0
2026.jpg	0
2555.png	0
6508.jpg	0
4222.jpg	0
619.jpg	0
5205.jpg	0
1799.jpg	0
123.jpg	0
745.jpg	1
3002.jpg	0
2341.jpg	0
3522.jpg	0
6103.jpg	0
1736.jpg	0
190.jpg	0
6308.jpg	0
4394.jpg	0
790.jpg	0
5806.jpg	0
1956.jpg	0
3152.jpg	0
1519.jpg	0
6044.jpg	0
1419.jpg	0
3200.jpg	0
3895.jpg	0
2143.jpg	1
6092.jpg	0
5385.jpg	0
5421.jpg	0
1689.jpg	0
4008.jpg	0
40.jpg	0
6132.jpg	0
815.jpg	0
6255.jpg	0
5836.jpg	0
57.jpg	0
5886.jpg	0
4218.jpg	0
3224.jpg	1
873.jpg	0
106.jpg	0
2679.jpg	0
2445.jpg	0
2261.jpg	0
3595.jpg	0
1449.jpg	0
4940.jpg	0
2889.jpg	0
2212.jpg	0
5668.jpg	0
5986.jpg	0
3466.jpg	0
2293.jpg	0
102.jpg	1
3872.jpg	0
3563.jpg	0
1200.jpg	0
499.jpg	0
4924.jpg	0
2870.jpg	0
186.jpg	0
615.jpg	0
5734.jpg	0
247.jpg	1
4483.jpg	0
3146.jpg	0
6400.jpg	0
3126.jpg	0
2639.jpg	0
4977.jpg	0
3168.jpg	0
1627.jpg	0
2295.jpg	0
4215.jpg	0
69.jpg	1
6467.jpg	0
4078.jpg	0
6253.jpg	0
1256.jpg	0
3908.jpg	1
2239.jpg	0
4545.jpg	0
3053.jpg	0
4304.jpg	0
2353.png	0
6228.jpg	0
2466.jpg	0
6202.jpg	0
5978.jpg	0
5443.jpg	0
3499.jpg	0
1060.jpg	0
4207.jpg	0
6075.jpg	0
1384.jpg	0
568.jpg	0
2014.jpg	0
4822.jpg	0
2920.jpg	0
6416.jpg	0
1423.jpg	0
4783.jpg	0
5935.jpg	0
921.jpg	0
3307.jpg	0
4714.jpg	0
6423.jpg	0
2079.jpg	0
3606.jpg	0
6147.jpg	0
2199.jpg	0
6177.jpg	0
4255.jpg	0
786.jpg	0
2632.jpg	0
4428.jpg	0
3769.jpg	0
2081.jpg	0
3172.jpg	0
3814.jpg	0
2787.jpg	0
2246.jpg	0
3802.jpg	0
3378.jpg	0
6056.jpg	0
3024.jpg	0
5882.jpg	0
2130.jpg	0
4632.jpg	0
591.jpg	0
2974.jpg	0
4923.jpg	0
1304.jpg	0
1095.jpg	0
1641.jpg	0
4288.jpg	0
6460.jpg	0
404.jpg	1
3784.jpg	0
1719.jpg	0
989.jpg	0
105.jpg	0
